Road Rash 3 - Japan (Metal Cover), Aleksey Fadeev
 Brazil, Road Rash 3
 New Junk City, Earthworm Jim
 Mortal Kombat: Utah Saints / Techno-Syndrome 7' Mix (Main Title Theme), Best Movie Soundtracks
 Breaking Bad Theme, L'Orchestra Cinematique
 Time for Heroes, The Libertines
 Voodoo People (Pendulum Mix), The Prodigy
 The State Of Massachusetts OST, Dropkick Murphys
 Soundtracks, 13 воин
 Феллини , Би-2 и Сплин
 Gangnam Style (강남스타일), Psy
 Quantum Leap, 80's Stallone
 Stargate (Main Theme), Best Movie Soundtracks
 Selene,  Michael Manring
 Summoning divine selene, Daemonia Nymphe
 Amok - 7 - Svinet-17 (21-22kj), Jesper Kyd
 We Are One People (Aswad), Asterix And Obelix
 Hot Capo Stew, Trace Bundy
 Doing the Wrong Thing, Kaki King
 Pull Me Out, Kaki King
 Nowhere In Time, Centipede
 Мусорный ветер, Крематорий
 Ocean, John Butler
 Antipope, Zlad!
 "A Taste of Things to Come", George S. Clinton
 Future Prophecies / Dreadlock, Andy C & DJ Hype
 Role Model, Eminem
 Spinner, Jesper Kyd
 Pistolero, Juno Reactor
 Genesis, Jasper Kyd
 10000 Miles, Juno Reactor
 Mona Lisa Overdrive, Juno Reactor
 Masters of the Universe, Juno Reactor
 Firefly - Main Title, Sonny Rhodes
 Halcyon And On And On, Orbital
 Control [Juno Reactor Instrumental], Juno Reactor
 Panik Kontrol, Psykosonik(Mortal Combat 2)
 Dune2, serious sam
 The Portal, Dan Forden - Mortal Kombat 2: The Game - OST (1993)
 Character Select Theme, Mortal Kombat 2 Arcade OST
 End, Mortal Kombat
 Space Walk, Ewan Dobson
 Welcome to the Jungle, Novo Amor
 Welcome To The Jungle, GUNS N' ROSES
 Dark Side Of The Moon, Pink Floyd
 Itchy, Siriusmo
 Fanfare Ciocarlia - Asfalt Tango, Fallen Art OST
 Time to Pretend, MGMT
 Prelude to Cello Suite #1 (JS Bach), Michael Hedges
 300 M.P.H. Torrential Outpour Blues, The White Stripes
 I Am The Rain, Peter Doherty
 The Temple stage, Ultimate Mortal Kombat 3
 The Subway stage, Ultimate Mortal Kombat 3
 Ultimate Mortal Kombat, Raisi K
 Ultimate, Mortal Kombat
 Время Обзора #3, Игрооргии
 Animus Vox, The Glitch Mob
 400 Lux, Lorde
 Praise You (Remastered), Fatboy Slim
 Fucking in Heaven, Fatboy Slim
 I Save The World Today, Eurythmics
 Motion potion, Ewan Dobson
 You Have to Burn the Rope, Henrik Nåmark
 Bone Chaos in the Castle, Kaki King
 Blasting Cap, Preston Reed
 14 - Shinkansen, Preston Reed
 Tractor pull, Preston Reed
 White Summer - Black Mountain Side, Led Zeppelin
 White Summer, The Yardbirds
 Ladies Night, Preston Reed
 Immigrant Song, Led Zeppelin
 California Love, 2Pac
 House of the Rising Sun, The Animals
 Slam, Onyx
 Thug 4 Life, 2Pac
 my alcoholic friends, the dresden dolls
 Main Theme, Metal Gear Solid
 Metal Gear Solid, Tina Guo
 Tomorrow Never Dies, Swan Lee
 Rope Burn (In the Style of Janet Jackson) [Karaoke Version], Ameritz
 Rope Burn, Flag of Democracy
 Rope Burn, Still Flyin'
 Indian Rope Burn, Groop Dogdrill
 Rope Burn Christ Mass, Aderlating
 Rope Burn (In the Style of Janet Jackson) [Karaoke Version], Karaoke - Ameritz
 Burn The Flames, Thin White Rope
 Rope Burn, Janet Jackson
 Because It's There, Michael Hedges
 The 2nd Law, Michael Hedges
 Aerial Boundaries, Michael Hedges
 Star Wars Medallion, Ewan Dobson
 Layover, Michael Hedges
 Bullets, Tunng
 04 Манки бизнес, Noize MC
 Runs In The Family, Amanda Palmer
 Girl Anachronism, Amanda Palmer
 November Has Come, Gorillaz
 Clint Eastwood, Gorillaz
 Monkey Business, The Boss Hoss
 Quantum Leap, TV Theme Song Library
 Quantum Leap, Megashira
 Quantum Leap, Curtis Schwartz
 Headquarter, Christian Barth
 Спайс , Big Russian Boss
 Sugar Rush, AKB48
 Eurodance, Ewan Dobson
 Disk Read Error, Ewan Dobson
 Happy hardcore, Ewan Dobson
 I Know Your Pain, Ewan Dobson
 My Nightmare, Ewan Dobson
 Bad Blood, Taylor Swift
 Tarantula, Pendulum
 Centipede, Knife Party
 Coffee In The Black Lodge,  Garden Scene
 Percaturan, Tarantula
 I Bet You Look Good On The Dance Floor, Arctic Monkeys
 Yellow Flicker Beat, Lorde
 Yellow Flicker Beat, Lorde 2nd Room
 Resident Evil Main Theme, Marilyn Manson
 Temptation, Moby
 Sleep With One Eye Open, Skrillex ft. Oliver Sykes
 Dance With Night Wind, Akira Yamaoka
 L' Arena (From "Kill Bill Vol. 2"), Ennio Morricone
 Animal Exodus (OST "Dreamcatcher"), James Newton Howard
 Dueling banjos, Deliverance
 Mindwash, Special Request
 Weapon of choice, FatBoy Slim
 Spybreak !, Propellerheads
 White Rabbit, Jefferson Airplane
 What The Heck!, Tommy Tallarico
 You're Only Second Rate, The Return of Jafar
 Wicked Game, HIM
 Reptile's Theme, Skrillex
 Granny Bag, Tommy Tallarico
 Disintegration, Eric Serra
 The Dream Within, Final Fantasy: The Spirits Within
 What the Heck?, Earthworm Jim
 Sub-Zero Chinese Ninja Warrior, Mortal Kombat
 The Milkman's Horse, The Libertines
 Iceman, The Libertines
 Supercalifrigida, Mudimbi
 Electronic Supersonic, Zlad!
 Princes Of The Universe, Queen
 THE STARSHINE MIX 2007 (PART 1), SALAMANDRA
 hera coca , karolina czarnecka
 Main Title Theme (From Knight Rider), Best Movie Soundtracks
 Dueling Ninjas, Trace Bundy
 Kashmir, Led Zeppelin
 When The Levee Breaks, Led Zeppelin
 Power Glove, Knife Party
 Battle Without Honor Or Humanity, Tomoyasu Hotei
 Propane Nightmares (original), Pendulum
 He is a pirate, Hans Zimmer OST - "Пираты Карибского моря"
 Call of magick, Jeremy Soule
 Fear + In The End , Black Veil Brides
 Pirates of the Caribbean, London Symphony Orchestra
 Pendulum, Blood Sugar
 It's My Party [OST Problem Child], Lesley Gore
 For The Damaged Coda  (OST Rick and Morty S1Ep10), Blonde Redhead
 Duke Nukem Theme, Megadeth
 True Survivor, David Hasselhoff
 Main Theme (OST Rainbow Six 3: Raven Shield), Bill Brown
 Becoming Harmonious [Edge of Tomorrow OST], The Glitch Mob ft. Metal Mother
 Anthem -Tom Clancy Ghost Recon, ©2001 billbrownmusic.com
 Hitman: Codename 47 (main menu), Jesper Kyd
 Fingerdance, Billy McLaughlin
 Hurricane Bob, Billy McLaughlin
 ISO 9000, Earth Worm Jim 2
 After Hours, The Velvet Underground
 Dancing Queen, ABBA - 1976
 Theme, Battletoads
 Wasteland, Mortal Kombat 2
 Walking Remix, Red Zone [Jesper Kyd]
 Headquarter, Jesper Kyd
 Episode 2 Page 2-2 (10000 Knives), Comix Zone [Howard Drossin]
 Episode 1 Page 1-2 (Seen it for Days), Comix Zone [Howard Drossin]
 Episode 1 Page 1-1, Comix Zone [Howard Drossin]
 Episode 3 Page 1-3, Comix Zone [Howard Drossin]